Date,PCT_50,PCT_200,NET_NEW_HIGHS,AD_LINE,MCCLELLAN_OSC,NET_ADV_RATIO,FAST_EMA,SLOW_EMA
2024-02-01,74.17,86.31,191.0,-0.18018018018018,,-18.018018018018,,
2024-02-02,73.35,85.58,409.0,-0.16374327668071,,1.64369034994698,,
2024-02-05,68.81,84.62,637.0,-0.359554795005318,,-19.5811518324607,,
2024-02-06,71.52,85.14,826.0,-0.0891412213043633,,27.0413573700954,,
2024-02-07,73.51,85.59,1056.0,0.0359250214089382,,12.5066242713302,,
2024-02-08,70.23,84.46,1251.0,-0.230246770743766,,-26.6171792152704,,
2024-02-09,65.32,83.2,1357.0,-0.685082052359069,,-45.4835281615303,,
2024-02-12,53.63,79.37,1432.0,-1.38738813202364,,-70.230607966457,,
2024-02-13,51.72,79.2,1454.0,-1.504941323513,,-11.7553191489362,,
2024-02-14,55.48,80.57,1494.0,-1.18613154667984,,31.8809776833156,,
2024-02-15,57.67,81.29,1586.0,-0.927245605035282,,25.8885941644562,,
2024-02-16,59.24,82.17,1695.0,-0.771642843484566,,15.5602761550717,,
2024-02-19,62.24,82.01,1827.0,-0.565699152139414,,20.5943691345151,,
2024-02-20,61.36,82.14,1932.0,-0.644744244977611,,-7.90450928381963,,
2024-02-21,57.91,81.63,2042.0,-1.06202950478673,,-41.728525980912,,
2024-02-22,57.86,81.99,2117.0,-1.0174907985301,,4.45387062566278,,
2024-02-23,58.57,82.39,2236.0,-1.00050566052586,,1.69851380042463,,
2024-02-26,57.22,81.47,2351.0,-1.24542488929084,,-24.4919228764982,,
2024-02-27,54.31,80.46,2455.0,-1.55984694655489,,-31.4422057264051,-8.20972077134152,
2024-02-28,46.29,77.65,2510.0,-2.28080185371669,,-72.0954907161804,-14.5982977658254,
2024-02-29,46.4,77.04,2539.0,-2.3046618749256,,-2.38600212089077,-13.3770682013319,
2024-03-01,49.44,78.41,2610.0,-2.00239752526789,,30.2264349657715,-9.0167178846216,
2024-03-02,51.91,79.36,2675.0,-1.56798435479524,,43.441317047265,-3.77091439143294,
2024-03-04,48.02,78.0,2761.0,-1.98881768812857,,-42.0833333333333,-7.60215628562298,
2024-03-05,43.58,76.06,2823.0,-2.40790045038476,,-41.9082762256194,-11.0327682796226,
2024-03-06,35.54,72.37,2837.0,-3.09915440191269,,-69.1253951527924,-16.8420309669396,
2024-03-07,37.13,73.0,2868.0,-2.91326709280263,,18.5887309110058,-13.2989547791451,
2024-03-11,29.65,68.99,2870.0,-3.61982276397849,,-70.6555671175859,-19.0346160129891,
2024-03-12,21.61,64.26,2828.0,-4.38759527582683,,-76.7772511848341,-24.8088795301736,
2024-03-13,11.97,51.25,2723.0,-5.32762683816244,,-94.0031562335613,-31.7283072005124,
2024-03-14,16.49,57.72,2658.0,-4.72416045160782,,60.3466386554622,-22.5208126149149,
2024-03-15,16.49,57.11,2651.0,-4.82867725833051,,-10.4516806722689,-21.3138994206503,
2024-03-18,17.42,58.65,2647.0,-4.84894752860078,,-2.02702702702703,-19.385212181288,
2024-03-19,14.31,56.0,2639.0,-5.36207778070162,,-51.313025210084,-22.5779934841676,
2024-03-20,14.57,56.2,2609.0,-5.54947935550477,,-18.740157480315,-22.1942098837823,
2024-03-21,18.35,58.37,2614.0,-4.95262896180398,,59.6850393700787,-14.0062849583962,
2024-03-22,20.17,59.9,2635.0,-4.6066972032738,,34.5931758530184,-9.14633887725478,
2024-03-26,20.66,57.77,2643.0,-4.99466400825305,,-38.7966804979253,-12.1113730393218,
2024-03-27,21.84,56.52,2609.0,-5.17767397154618,0.545751738207718,-18.3009963293131,-12.730335368321,-13.2760871065287
2024-03-28,24.08,56.3,2578.0,-5.22489327899634,0.918884382462593,-4.72193074501574,-11.9294949059904,-12.848379288453
2024-04-01,32.9,64.75,2621.0,-4.45622107982622,5.31277590448961,76.8672199170125,-3.04982342369014,-8.36259932817975
2024-04-02,37.88,67.68,2689.0,-3.89590776389932,8.0011948600841,56.0313315926893,2.8582920779478,-5.1429027821363
2024-04-03,45.66,71.27,2762.0,-3.40609053152334,9.9073066750624,48.9817232375979,7.47063519391281,-2.43667148114959
2024-04-04,50.03,72.84,2842.0,-3.18926712504476,10.1225266140065,21.6823406478579,8.89180573930732,-1.23072087469921
2024-04-05,54.97,74.3,2917.0,-2.97203474906565,10.2579718762364,21.7232375979112,10.1749489251677,-0.0830229510686915
2024-04-08,53.1,74.03,2871.0,-4.05627672470659,3.58347891257259,-16.6839378238342,-1.68330852962095,-5.26678744219354
2024-04-09,50.69,73.32,2954.0,-4.34244024671917,2.05765278336211,-28.6163522012579,-4.37661289678464,-6.43426568014676
2024-04-10,53.8,73.74,3021.0,-4.36814853633092,2.04505934097448,-2.57082896117524,-4.1960345032237,-6.24109384419818
2024-04-12,49.39,72.28,3085.0,-4.75901947022389,0.198253429622092,-39.087093389297,-7.68514039183103,-7.88339382145312
2024-04-15,39.75,66.54,3117.0,-5.47219776479754,-2.99329369513568,-71.3178294573643,-14.0484092983844,-11.0551156032487
2024-04-16,43.02,67.8,3168.0,-5.22298475325504,-0.895143487747189,24.9213011542497,-10.1514382531209,-9.25629476537376
2024-04-18,43.15,67.98,3248.0,-5.33409586436615,-0.898369956259339,-11.1111111111111,-10.24740553892,-9.34903558266063
2024-04-19,42.84,67.28,3297.0,-5.49334154273179,-1.13730957332856,-15.9245678365636,-10.8151217686843,-9.67781219535578
2024-04-22,52.04,69.54,3381.0,-5.03720119185459,1.74101374815805,45.6140350877193,-5.17220608304397,-6.91321983120202
2024-04-23,57.32,71.91,3472.0,-4.80304718452091,3.08334340157076,23.4154007333683,-2.31344540140275,-5.39678880297351
2024-04-24,62.32,73.09,3579.0,-4.58797654087884,4.12020171977272,21.5070643642072,0.0686055751582488,-4.05159614461447
2024-04-25,64.3,72.98,3672.0,-4.53198491345864,4.19071949212716,5.59916274201989,0.621661291844412,-3.56905820028275
2024-04-26,64.44,73.03,3768.0,-4.56917716070851,3.76413921667924,-3.7192247249869,0.187572690161281,-3.57656652651796
2024-04-29,66.23,73.26,3862.0,-4.58979571740954,3.46346083783206,-2.06185567010309,-0.0373701458651565,-3.50083098369722
2024-04-30,66.19,74.06,3947.0,-4.70916744515823,2.69529766449026,-11.9371727748691,-1.22735040876555,-3.92264807325581
2024-05-02,65.75,73.74,4038.0,-4.77140593888208,2.31070783308478,-6.22384937238494,-1.72700030512749,-4.03770813821227
2024-05-03,62.67,71.85,4125.0,-5.12985701161887,0.489267093002977,-35.8451072736787,-5.13881100198261,-5.62807809498559
2024-05-06,55.65,68.77,4203.0,-5.65199913314307,-1.88896631916905,-52.2142121524202,-9.84635111702637,-7.95738479785732
2024-05-07,49.29,65.34,4245.0,-6.28151247694213,-4.44976716635457,-62.9513343799058,-15.1568494433143,-10.7070822769597
2024-05-08,51.35,65.56,4276.0,-6.15069091754914,-2.81532853890619,13.0821559392988,-12.332948905053,-9.51762036614682
2024-05-09,39.58,59.9,4304.0,-6.92398934686851,-5.92440681330509,-77.3298429319372,-18.8326383077414,-12.9082314944363
2024-05-10,43.09,61.21,4310.0,-6.69402601528129,-3.53673789931667,22.9963331587218,-14.6497411610951,-11.1130032617784
2024-05-13,42.34,60.86,4326.0,-6.87753116992047,-3.54493971949196,-18.3505154639175,-15.0198185913773,-11.4748788718854
2024-05-14,50.66,64.07,4378.0,-6.33436005532078,0.0991537690499342,54.3171114599686,-8.08612558624274,-8.18527935529268
2024-05-15,53.65,65.78,4444.0,-6.16272216939718,1.35669178952758,17.16378859236,-5.56113416838247,-6.91782595791004
2024-05-16,55.5,65.62,4517.0,-6.07228829590005,2.01908327595594,9.04338734971249,-4.10068201657297,-6.11976529252892
2024-05-17,60.41,66.96,4601.0,-5.76387219553414,3.66524371481638,30.8416100365917,-0.606452811256499,-4.27169652607288
2024-05-18,66.31,68.22,4674.0,-5.35451854340592,5.55907243027948,40.9353652128219,3.54772899115134,-2.01134343912814
2024-05-21,63.04,65.87,4784.0,-5.6330973281639,3.71083843541803,-27.8578784757982,0.407168244456388,-3.30367019096164
2024-05-22,63.76,66.67,4873.0,-5.69533582188775,3.19374563280507,-6.22384937238494,-0.255933517227744,-3.44967915003281
2024-05-23,62.16,66.46,4942.0,-5.82706608848472,2.38820369404136,-13.1730266596968,-1.54764283147465,-3.93584652551601
2024-05-24,59.85,65.38,5009.0,-6.09694056547216,0.996803265975784,-26.9874476987448,-4.09162331820166,-5.08842658417745
2024-05-27,55.27,63.98,5076.0,-6.39580887822937,-0.34279729519893,-29.8868312757202,-6.67114411395351,-6.32834681875458
2024-05-28,49.95,61.91,5106.0,-6.86429627318735,-2.33453719953122,-46.8487394957983,-10.688903652138,-8.35436645260677
2024-05-29,46.69,61.1,5133.0,-7.02343492864953,-2.47905843425869,-15.9138655462185,-11.211399841546,-8.73234140728736
2024-05-30,41.1,57.58,5150.0,-7.60567349932741,-4.70572837385784,-58.2238570677877,-15.9126455641702,-11.2069171903124
2024-05-31,40.18,57.04,5162.0,-7.70751076966862,-4.18399602866247,-10.1837270341207,-15.3397537111653,-11.1557576825028
2024-06-03,44.4,59.49,5254.0,-7.41974098549596,-1.76895962080778,28.7769784172662,-10.9280804983221,-9.15912087751434
2024-06-04,21.84,45.5,5111.0,-8.33714358289855,-5.72112060186427,-91.7402597402598,-19.0092984225159,-13.2881778206516
2024-06-04,21.84,45.5,2774.0,-3.88943734646825,4.64931284915321,-91.7402597402598,-0.0165719413750356,-4.66588479052825
2024-06-05,31.01,51.45,5109.0,-7.76008079099404,-1.59928569112269,57.7062791904515,-11.3377406612191,-9.73845497009646
2024-06-06,39.75,57.14,5157.0,-7.04497959742891,2.62307159432004,71.5101193565127,-3.05295465944596,-5.676026253766
2024-06-07,49.14,62.56,5230.0,-6.37364003356598,6.00126356689098,67.1339563862928,3.96573644512792,-2.03552712176306
2024-06-10,55.77,64.52,5345.0,-6.0001151490098,7.37053798907095,37.3524884556183,7.30441164617696,-0.0661263428939891
2024-06-11,61.09,67.03,5456.0,-5.72314419465295,8.02164527909278,27.6970954356847,9.34368002512773,1.32203474603494
2024-06-12,64.87,68.97,5573.0,-5.3906753149849,8.81572341222201,33.246887966805,11.7340008192955,2.91827740707344
2024-06-13,68.43,71.16,5700.0,-5.19721058469445,8.75556085209842,19.3464730290456,12.4952480402705,3.73968718817205
2024-06-14,70.25,72.5,5850.0,-5.04640455245316,8.44705056868642,15.080603224129,12.7537835586563,4.3067329899699
2024-06-18,71.71,72.61,6014.0,-4.9739482317954,7.74929046560808,7.24563206577595,12.2029684093683,4.4536779437602
2024-06-19,70.36,71.61,6145.0,-5.24880507718842,5.37739329489414,-27.4856845393024,8.23410311450121,2.85670981960707
2024-06-20,74.38,74.38,6270.0,-4.98161757718842,6.03275597442438,26.71875,10.0825678030511,4.04981182862672
2024-06-21,73.31,74.17,6396.0,-5.1057051684293,4.60655182934622,-12.4087591240876,7.83343511033722,3.226883280991
2024-06-24,73.31,74.82,6527.0,-5.14162102271355,3.80497321094081,-3.59158542842483,6.69093305646102,2.88595984552021
2024-06-25,73.64,74.47,6648.0,-5.32642060626378,2.35617997981955,-18.4799583550234,4.17384391531257,1.81766393549303
2024-06-26,72.97,75.1,6749.0,-5.43278139875596,1.49787482260204,-10.6360792492179,2.69285159885952,1.19497677625748
2024-06-27,68.08,72.74,6850.0,-5.84298441801676,-0.762676594775043,-41.0203019260802,-1.67846375363445,-0.915787158859404
2024-06-28,69.15,72.78,6929.0,-5.79764830545814,-0.413939014561447,4.53361125586243,-1.05725625268476,-0.643317238123312
2024-07-01,73.51,75.5,7057.0,-5.36475896119584,1.82406747011234,43.2889344262295,3.37736281520667,1.55329534509433
2024-07-02,74.65,76.57,7209.0,-5.40950401842789,1.34027066968614,-4.47450572320499,2.5921759613655,1.25190529167936
2024-07-03,76.09,77.35,7343.0,-5.21314985176123,2.12541917146689,19.6354166666667,4.29650003189562,2.17108086042873
2024-07-04,77.98,77.84,7483.0,-5.19284792568106,1.9058328416996,2.03019260801666,4.06986928950772,2.16403644780812
2024-07-05,79.09,78.77,7635.0,-5.07051580699288,2.21870832858015,12.2332118688183,4.88620354743878,2.66749521885863
2024-07-08,77.38,77.95,7779.0,-5.31245954100822,0.653744064702475,-24.1943734015345,1.97814585254145,1.32440178783898
2024-07-09,78.72,78.65,7903.0,-5.34688992075506,0.349997670106102,-3.44303797468354,1.43602746981895,1.08602979971285
2024-07-10,76.43,76.72,7994.0,-5.78312473856882,-1.92047767595898,-43.6234817813765,-3.0699234553006,-1.14944577934162
2024-07-11,77.47,77.81,8088.0,-5.59597248768364,-0.7351963649701,18.715225088518,-0.89140860091874,-0.15621223594864
2024-07-12,76.67,76.9,8190.0,-5.85609394517352,-1.95447340412505,-26.0121457489879,-3.40348231572565,-1.4490089116006
2024-07-15,76.86,76.91,8282.0,-5.8764514426909,-1.78836310571941,-2.03574975173784,-3.26670905932687,-1.47834595360746
2024-07-16,77.35,77.89,8369.0,-5.91440690827794,-1.72538682540232,-3.79554655870445,-3.31959280926463,-1.59420598386231
2024-07-18,73.71,75.72,8440.0,-6.36807779435389,-3.74149227404872,-45.3670886075949,-7.52434238909766,-3.78285011504894
2024-07-19,62.48,71.06,8472.0,-7.10846240973851,-6.88012361781447,-74.0384615384616,-14.175754304034,-7.29563068621957
2024-07-22,64.19,70.3,8498.0,-6.97106161608771,-5.14032575346808,13.7400793650794,-11.3841709371227,-6.24384518365463
2024-07-23,61.69,70.7,8537.0,-7.15485908444214,-5.23308826071069,-18.379746835443,-12.0837285269547,-6.85064026624405
2024-07-24,69.52,74.31,8629.0,-6.58422617304974,-1.5140828643654,57.0632911392405,-5.16902656033522,-3.65494369596982
2024-07-25,69.43,74.4,8740.0,-6.5654825053699,-1.08620905473118,1.87436676798379,-4.46468722750331,-3.37847817277214
2024-07-26,75.17,76.71,8882.0,-6.19788756866104,1.02931044292485,36.7594936708861,-0.342269137664375,-1.37157958058923
2024-07-29,76.27,77.92,9035.0,-6.04808598135945,1.74396631416976,14.9801587301587,1.18997364911794,-0.553992665051829
2024-07-30,78.89,79.8,9180.0,-5.86327585477717,2.52131994891677,18.4810126582279,2.91907755002893,0.397757601112156
2024-07-31,79.73,80.29,9323.0,-5.88503698838041,2.14049440595329,-2.17611336032389,2.40955845899365,0.269064053040353
2024-08-01,75.13,78.41,9450.0,-6.27719385112551,-0.0477925510195449,-39.2156862745098,-1.7529660143567,-1.70517346333715
2024-08-02,71.77,77.95,9542.0,-6.54443089189048,-1.2939398265756,-26.7237040764972,-4.25003982057075,-2.95609999399516
2024-08-05,49.74,68.5,9568.0,-7.41261721498266,-5.35767245967913,-86.8186323092171,-12.5068990694354,-7.14922660975625
2024-08-06,46.52,68.38,9604.0,-7.71841066586427,-5.99341113763146,-30.5793450881612,-14.314143671308,-8.3207325336765
2024-08-07,57.61,72.51,9652.0,-7.04972990050676,-1.63462957039698,66.8680765357503,-6.19592165060214,-4.56129208020516
2024-08-08,54.69,72.04,9734.0,-7.24277425534547,-2.20832378354057,-19.304435483871,-7.50677303392903,-5.29844925038845
2024-08-09,57.81,72.3,9814.0,-7.05275409405515,-0.772468136215481,19.0020161290323,-4.8558941176329,-4.08342598141742
2024-08-12,55.15,71.82,9895.0,-7.14235805445119,-0.93906982550326,-8.96039603960396,-5.26634430983,-4.32727448432674
2024-08-13,49.53,69.56,9960.0,-7.6753223221915,-3.29362045743816,-53.2964267740312,-10.0693525562501,-6.77573209881197
2024-08-14,45.31,67.66,9972.0,-8.04554365015931,-4.47657844659278,-37.0221327967807,-12.7646305803032,-8.2880521337104
2024-08-16,48.22,68.93,10020.0,-7.66193379596122,-1.69646872425753,38.360985419809,-7.65206898029197,-5.95560025603444
2024-08-19,53.11,71.23,10121.0,-7.23703261019047,0.895464089823698,42.4901185770751,-2.63785022455526,-3.53331431437896
2024-08-20,55.26,73.77,10221.0,-7.02044969561761,2.0654979694246,21.6582914572864,-0.208236056371091,-2.27373402579569
2024-08-21,58.26,75.46,10360.0,-6.68611234622001,3.64432162075987,33.433734939759,3.15596104324192,-0.488360577517952
2024-08-22,62.19,76.71,10504.0,-6.46723684421198,4.39868499759994,21.8875502008032,5.02911995899805,0.630434961398106
2024-08-23,61.17,76.69,10642.0,-6.53303292658265,3.59831433791671,-6.5796082370668,3.86824713939157,0.269932801474861
2024-08-26,61.67,76.65,10795.0,-6.53698940531658,3.20520387038166,-0.395647873392681,3.44185763811314,0.236653767731484
2024-08-27,63.64,78.24,10936.0,-6.44740712046504,3.32076221921459,8.9582284851535,3.99349472281718,0.672732503602584
2024-08-28,62.98,78.19,11057.0,-6.66521396151132,1.86601516688162,-21.7806841046278,1.41607684007268,-0.449938326808933
2024-08-29,59.55,76.17,11132.0,-7.10535480658174,-0.498793658818212,-44.0140845070423,-3.12693929463881,-2.6281456358206
2024-08-30,61.28,76.84,11231.0,-6.98066903483715,0.305921847577616,12.4685771744595,-1.56738764772898,-1.87330949530659
2024-09-02,57.82,75.6,11339.0,-7.22277948848606,-0.841557130659392,-24.2110453648915,-3.83175341944523,-2.99019628878584
2024-09-03,58.05,75.63,11440.0,-7.22277948848606,-0.607891603154161,0.0,-3.44857807750071,-2.84068647434655
2024-09-04,57.18,75.43,11542.0,-7.29981800774569,-0.790260715419567,-7.70385192596298,-3.87410546234694,-3.08384474692737
2024-09-05,59.38,76.13,11678.0,-7.14824221985175,0.200836532938493,15.1575787893947,-1.97093703717277,-2.17177357011127
2024-09-06,53.89,73.58,11775.0,-7.64649134441403,-2.2019040646612,-49.8249124562281,-6.75633457907831,-4.55443051441711
2024-09-09,50.95,72.64,11846.0,-7.96342047827229,-3.33863780176556,-31.6929133858268,-9.24999245975315,-5.91135465798759
2024-09-10,55.58,75.11,11941.0,-7.5708130856649,-0.746169325652665,39.2607392607393,-4.39891928770391,-3.65274996205125
2024-09-11,52.42,72.79,12032.0,-7.95592797077979,-2.41448932055926,-38.5114885114885,-7.81017621008237,-5.39568688952311
2024-09-12,55.31,73.49,12128.0,-7.74296038973241,-0.838418138790273,21.2967581047382,-4.89948277860032,-4.06106463981005
2024-09-13,58.85,75.49,12251.0,-7.50405764659026,0.64299062278998,23.8902743142145,-2.02050706931884,-2.66349769210882
2024-09-16,59.23,76.02,12372.0,-7.56493148065997,0.407497274767872,-6.08738340697104,-2.42719470308406,-2.83469197785193
2024-09-17,58.33,75.39,12468.0,-7.83657327170475,-0.8497268090402,-27.1641791044776,-4.90089314322342,-4.05116633418322
2024-09-18,55.75,74.03,12547.0,-8.23736889577237,-2.56617393176516,-40.0795624067628,-8.41876006957736,-5.8525861378122
2024-09-19,49.37,70.78,12598.0,-8.7639990600332,-4.65007805300217,-52.6630164260826,-12.8431857052279,-8.19310765222572
2024-09-20,52.38,72.79,12666.0,-8.47146174660036,-2.31272829792649,29.2537313432836,-8.63349400037674,-6.32076570245025
2024-09-23,54.5,73.68,12749.0,-8.2757670303577,-0.786943601798018,19.5694716242661,-5.81319743791245,-5.02625383611443
2024-09-24,54.99,73.79,12840.0,-8.41222121362464,-1.13920746614716,-13.6454183266932,-6.59641952679053,-5.45721206064337
2024-09-25,53.83,73.06,12916.0,-8.67304749535684,-2.0565575251613,-26.0826281732205,-8.54504039143353,-6.48848286627223
2024-09-26,51.75,72.05,12977.0,-8.94609184015006,-2.89169935329768,-27.3044344793224,-10.4209798002224,-7.52928044692474
2024-09-27,52.28,72.39,13062.0,-8.99539462899469,-2.47257933984478,-4.93027888446215,-9.87190970864639,-7.39933036880161
2024-09-30,51.34,72.41,13116.0,-9.18903766077953,-2.82357004634443,-19.3643031784841,-10.8211490556302,-7.99757900928573
2024-10-01,53.47,72.85,13168.0,-9.02500604022617,-1.3211759884789,16.403162055336,-8.09871794453355,-6.77754195605465
2024-10-03,44.91,68.56,13197.0,-9.70089536828941,-4.22962793214449,-67.5889328063241,-14.0477394307126,-9.81811149856812
2024-10-04,40.3,66.77,13211.0,-10.1078089485363,-5.3503274652362,-40.6913580246914,-16.7121012901105,-11.3617738248743
2024-10-07,26.97,58.32,13194.0,-10.9459366911009,-8.43784474029188,-83.8127742564603,-23.4221685867455,-14.9843238464536
2024-10-08,35.52,62.91,13189.0,-10.2756504127199,-3.49341268203478,67.0286278381046,-14.3770889442605,-10.8836762622257
2024-10-09,39.5,65.61,13234.0,-9.8976859858424,-0.710065466332669,37.796442687747,-9.1597357810597,-8.44967031472703
2024-10-10,42.3,66.29,13290.0,-9.80065628287211,0.268573110888434,9.7029702970297,-7.27346517325076,-7.5420382841392
2024-10-11,42.86,66.83,13342.0,-9.8026374616735,0.608911819999615,-0.198117880138683,-6.56593044393955,-7.17484226393917
2024-10-14,44.2,66.3,13398.0,-9.8963874616735,0.438012751196611,-9.375,-6.8468373995456,-7.28485015074221
2024-10-15,45.26,66.52,13463.0,-9.91420924385171,0.669345072722971,-1.78217821782178,-6.34037148137322,-7.00971655409619
2024-10-16,46.9,67.26,13526.0,-9.90479864454512,0.999949389688419,0.941059930658742,-5.61222834017002,-6.61217772985844
2024-10-17,40.96,64.65,13572.0,-10.4657500816115,-1.57419384811951,-56.0951437066402,-10.660519876817,-9.08632602869753
2024-10-18,39.93,64.02,13593.0,-10.5723440330245,-1.49542791893764,-10.659395141299,-10.6604074032652,-9.1649794843276
2024-10-21,33.2,59.93,13619.0,-11.1853259754354,-3.95254586488215,-61.2981942410932,-15.724186087048,-11.7716402221659
2024-10-22,20.57,51.82,13575.0,-12.0778470254602,-7.43131451740947,-89.2521050024765,-23.0769779785909,-15.6456634611814
2024-10-23,21.46,52.36,13504.0,-11.9243816789256,-5.13857315993619,15.3465346534653,-19.2346267153853,-14.0960535554491
2024-10-24,19.75,51.23,13482.0,-12.2568903380052,-5.58245646156843,-33.2508659079664,-20.6362506346434,-15.0537941730749
2024-10-25,14.72,44.93,13376.0,-13.0077571037308,-8.02585493538588,-75.0866765725607,-26.0812932284351,-18.0554382930492
2024-10-28,16.97,47.38,13315.0,-12.6548734282665,-4.55607914987323,35.2883675464321,-19.9443271509484,-15.3882480010752
2024-10-29,18.14,48.28,13305.0,-12.4786358045041,-2.44987071602027,17.6237623762376,-16.1875181982298,-13.7376474822095
2024-10-30,22.92,52.68,13325.0,-11.8982300647713,1.38402742835626,58.0405739732806,-8.76470898107876,-10.148736409435
2024-10-31,26.22,54.93,13353.0,-11.5513921201073,3.48725122931254,34.6837944664032,-4.41985863633056,-7.90710986564311
2024-11-01,33.0,57.68,13397.0,-10.7920232838154,7.33072578112301,75.9368836291913,3.61581559022162,-3.71491019090138
2024-11-04,27.5,54.06,13439.0,-11.3530938434261,3.97804591450225,-56.1070559610706,-2.35647156490759,-6.33451747940984
2024-11-05,30.34,55.91,13489.0,-11.0667458887686,5.32870697030985,28.6347954657467,0.742655138157832,-4.58605183215202
2024-11-06,38.25,59.43,13552.0,-10.4275147404197,8.22129460663117,63.923114834894,7.06070110783145,-1.16059349879971
2024-11-07,38.16,58.8,13629.0,-10.6602563577767,6.29348673412303,-23.2741617357002,4.02721482347829,-2.26627191064474
2024-11-08,33.23,56.1,13671.0,-11.1935239772937,3.11111355865794,-53.3267619517003,-1.70818285403957,-4.81929641269752
2024-11-11,29.66,53.71,13690.0,-11.667515226686,0.671010776465431,-47.3991249392319,-6.27727706255881,-6.94828783902424
2024-11-12,25.29,50.08,13691.0,-12.2266285271786,-1.84424241169295,-55.9113300492611,-11.240682361229,-9.39643994953608
2024-11-13,17.37,41.89,13613.0,-13.0578293145802,-5.34600011005473,-83.1200787401575,-18.4286219991219,-13.0826218890671
2024-11-14,19.03,42.5,13558.0,-12.9515301019818,-3.62577294160378,10.6299212598425,-15.5227676732254,-11.8969947316217
2024-11-18,19.11,41.39,13484.0,-13.2614234094502,-4.2178124482047,-30.9893307468477,-17.0694239805877,-12.851611532383
2024-11-19,20.88,42.57,13489.0,-12.9874440685747,-1.78355392238732,27.3979340875553,-12.6226881737734,-10.8391342513861
2024-11-21,18.67,39.72,13418.0,-13.5139927411411,-3.69598518041114,-52.6548672566372,-16.6259060820598,-12.9299209016486
2024-11-22,20.95,41.7,13409.0,-13.171318208201,-0.966517952587504,34.267453294002,-11.5365701444536,-10.5700521918661
2024-11-25,24.91,44.32,13435.0,-12.7388726876199,1.82086405517012,43.2445520581114,-6.05845792419708,-7.8793219793672
2024-11-26,27.45,45.89,13478.0,-12.5126060865378,3.16407675403219,22.6266601082145,-3.18994612095593,-6.35402287498812
2024-11-27,32.02,48.21,13512.0,-12.116834208465,5.14422961274219,39.5771878072763,1.08676727186729,-4.0574623408749
2024-11-28,34.2,49.87,13550.0,-11.9768538548304,5.53258153668461,13.9980353634578,2.37789408102634,-3.15468745565827
2024-11-29,37.19,51.04,13594.0,-11.7695846996242,6.17340353183049,20.7269155206287,4.21279622498658,-1.96060730684392
2024-12-02,41.94,53.52,13671.0,-11.4846306599531,7.07886374234474,28.4954039671021,6.64105699919813,-0.437806743146617
2024-12-03,48.76,56.36,13745.0,-11.0651495047892,8.49027348108747,41.9481155163975,10.1717628509181,1.68148936983059
2024-12-04,53.16,57.6,13823.0,-10.8810163020468,8.47783767819925,18.4133202742409,10.9959185932504,2.5180809150511
2024-12-05,55.81,58.66,13902.0,-10.9148067036138,7.33519785679131,-3.37904015670911,9.5584227182544,2.22322486146309
2024-12-06,60.15,60.56,13972.0,-10.7121635318077,7.50373268706986,20.2643171806167,10.6290121644906,3.12527947742078
2024-12-09,62.44,61.7,14066.0,-10.6172942191262,7.07144200789939,9.48693126815102,10.5148040748567,3.44336206695729
2024-12-10,64.2,62.66,14152.0,-10.6638628465771,5.95928656650668,-4.65686274509804,8.9976373928612,3.03835082635452
2024-12-11,66.48,63.28,14231.0,-10.6236470545222,5.41251932881293,4.02157920549289,8.50003157412437,3.08751224531144
2024-12-12,61.55,61.29,14299.0,-11.0843543236774,2.41335543789004,-46.0707269155206,3.04295572515987,0.629600287269836
2024-12-13,60.79,60.11,14350.0,-11.3036266933923,1.0441780311633,-21.9272369714848,0.54593645549541,-0.498241575667894
2024-12-16,62.58,61.24,14439.0,-11.2082271776538,1.44166988552286,9.53995157384988,1.44533796733086,0.0036680818079951
2024-12-17,59.88,60.13,14522.0,-11.5713721407987,-0.51840532284464,-36.3144963144963,-2.33064546085186,-1.81224013800722
2024-12-18,54.8,57.49,14570.0,-12.0470478164744,-2.75433116203819,-47.5675675675676,-6.85433767152343,-4.10000650948524
2024-12-19,52.44,56.23,14591.0,-12.3050174094121,-3.56374568504868,-25.7969592937715,-8.74859983374823,-5.18485414869955
2024-12-20,42.31,51.47,14603.0,-13.0136981352581,-6.49153203833886,-70.8680725846003,-14.9605471088334,-8.46901507049459
2024-12-23,40.03,49.5,14580.0,-13.3446195052533,-7.07353493095612,-33.0921369995176,-16.7737060979019,-9.70017116694574
2024-12-24,39.92,50.29,14578.0,-13.3117763679984,-5.71695719323871,3.2843137254902,-14.7679041155627,-9.05094692232394
2024-12-26,38.51,49.07,14561.0,-13.6098155836847,-6.18291020623002,-29.8039215686275,-16.2715058608691,-10.0885956546391
2024-12-27,39.48,49.63,14552.0,-13.6524417473299,-5.27332022110142,-4.26261636452719,-15.0706169112349,-9.79729669013352
2024-12-30,36.38,47.31,14536.0,-14.0751122564558,-6.36947591011381,-42.2670509125841,-17.7902603113699,-11.420784401256
2024-12-31,39.99,48.22,14517.0,-13.8013201627515,-3.79252863051839,27.3792093704246,-13.2733133431904,-9.48078471267201
2025-01-01,46.14,50.53,14545.0,-13.34333084755,-0.649289955825181,45.7989315201554,-7.36608885685582,-6.71679890103064
2025-01-02,50.17,52.03,14586.0,-13.0980661559521,0.977802442798184,24.5264691597863,-4.17683305519161,-5.15463549798979
2025-01-03,51.14,52.64,14642.0,-13.0966091379822,1.1450390632673,0.14570179698883,-3.74457956997357,-4.88961863324086
2025-01-06,33.04,44.62,14615.0,-13.9385120692653,-2.93449856781258,-84.1902931283037,-11.7891509258066,-8.854652357994
2025-01-07,40.16,47.57,14609.0,-13.4290322442774,0.349083031807614,50.9479824987846,-5.51543758334746,-5.86452061515507
2025-01-08,35.82,45.3,14596.0,-13.8746104755699,-1.62049039707798,-44.5578231292517,-9.41967613793788,-7.7991857408599
2025-01-09,31.05,42.32,14557.0,-14.4379633020807,-3.88524620288079,-56.3352826510721,-14.1112367892513,-10.2259905863705
2025-01-10,22.62,36.79,14413.0,-15.2264623274218,-6.92791717997984,-78.8499025341131,-20.5851033637375,-13.6571861837576
2025-01-13,13.89,30.05,14127.0,-16.1228154944084,-10.0340319877268,-89.6353166986564,-27.4901246972294,-17.4560927095026
2025-01-14,16.19,32.84,14039.0,-15.5387921139895,-5.23770725138449,58.4023380418899,-18.9008784233174,-13.663171171933
2025-01-15,17.11,33.19,14012.0,-15.4974295835758,-3.82396531558127,4.13625304136253,-16.5971652768495,-12.7731999612682
2025-01-16,20.18,35.2,14010.0,-14.9735968987509,-0.183745361835221,52.3832684824903,-9.69912190091548,-9.51537653908026
2025-01-17,21.96,35.81,14008.0,-14.9590054590622,0.383355199745891,1.4591439688716,-8.58329531393677,-8.96665051368266
2025-01-20,26.35,37.36,14006.0,-14.6653660520799,2.26154924036696,29.3639406982305,-4.78857171272004,-7.050120953087
2025-01-21,21.21,34.18,13992.0,-15.2899410885054,-0.734974818142634,-62.4575036425449,-10.5554649057025,-9.8204900875599
2025-01-22,16.91,31.64,13913.0,-15.8824617295933,-3.13305603738991,-59.2520641087907,-15.4251248260113,-12.2920687886214
2025-01-23,18.91,32.38,13889.0,-15.7906695974903,-1.74618633370504,9.17921321029626,-12.9646910223806,-11.2185046886756
2025-01-24,14.46,28.9,13808.0,-16.4890668777234,-4.50262886706637,-69.8397280233123,-18.6521947224738,-14.1495658554074
2025-01-27,8.54,23.17,13509.0,-17.3447763856068,-7.62343522700647,-85.5709507883421,-25.3440703290606,-17.7206351020541
2025-01-28,7.15,20.53,13147.0,-17.7986598807525,-8.24447742493127,-45.3883495145631,-27.3484982476108,-19.1040208226796
2025-01-29,10.15,24.38,13106.0,-17.1298886325738,-3.12097240041053,66.8771248178728,-17.9259359410625,-14.804963540652
2025-01-30,11.29,24.5,13082.0,-17.0784323218941,-1.81134542993882,5.14563106796117,-15.6187792401601,-13.8074338102213
2025-01-31,13.7,27.25,13065.0,-16.5716362053893,1.5941413860904,50.6796116504854,-8.98894015109557,-10.583081537186
2025-02-01,14.97,27.89,13058.0,-16.5503596096446,2.07026430306406,2.12765957446809,-7.8772801785392,-9.94754448160326
2025-02-03,13.19,26.01,13020.0,-17.0861762285558,-0.318467997718059,-53.5816618911175,-12.447718349797,-12.129250352079
2025-02-04,14.37,27.25,13011.0,-16.7243404797635,2.12902006361905,36.1835748792271,-7.58458902689462,-9.71360909051367
2025-02-05,17.27,28.89,13012.0,-16.3407656005365,4.31967290791809,38.3574879227053,-2.99038133193463,-7.31005423985272
2025-02-06,18.4,29.06,13014.0,-16.4229308977815,3.84238184289369,-8.21652972450459,-3.51299617119163,-7.35537801408531
2025-02-07,17.61,28.78,12991.0,-16.8039062719969,1.92103568823181,-38.0975374215355,-6.97145029622601,-8.89248598445782
2025-02-10,12.64,24.79,12903.0,-17.5145202653334,-1.37951354805101,-71.0613993336506,-13.3804451999685,-12.0009316519175
2025-02-11,8.58,18.74,12620.0,-18.3978937593093,-5.05838308052955,-88.3373493975904,-20.8761356197307,-15.8177525392011
2025-02-12,8.2,18.96,12163.0,-18.6532026396181,-5.03820154706095,-25.530888030888,-21.3416108608464,-16.3034093137855
2025-02-13,8.48,18.25,12037.0,-18.7872431410646,-4.38941343389799,-13.404050144648,-20.5478547892266,-16.1584413553286
2025-02-14,5.2,14.68,11634.0,-19.6024867493618,-7.21876806422753,-81.5243608297154,-26.6455053932755,-19.4267373290479
2025-02-17,5.42,13.23,11100.0,-19.9905038677641,-7.4656399833638,-38.8017118402283,-27.8611260379707,-20.3954860546069
2025-02-18,4.47,12.16,10623.0,-20.5898288436561,-8.69592656175706,-59.9324975891996,-31.0682631930936,-22.3723366313366
2025-02-19,5.88,14.1,10407.0,-20.0214280729431,-3.86571322044997,56.8400770712909,-22.2774291666552,-18.4117159462052
2025-02-20,7.4,14.89,10372.0,-19.5385200325002,-0.144015898879983,48.2908040442947,-15.2206058455602,-15.0765899466802
2025-02-21,7.65,15.01,10333.0,-19.8117730445484,-0.742049871898939,-27.3253012048193,-16.4310753814861,-15.6890255095872
2025-02-24,6.34,13.4,10203.0,-20.3502711434077,-2.57588410352627,-53.8498098859316,-20.1729488319306,-17.5970647284044
2025-02-25,6.9,13.26,10089.0,-20.6216859653519,-2.79551656647431,-27.1414821944177,-20.8698021681793,-18.074285601705
2025-02-27,5.82,11.19,9807.0,-21.2946056382716,-4.97684899434,-67.2919672919673,-25.5120186805581,-20.5351696862181
2025-02-28,4.25,9.2,9231.0,-22.0491773418327,-7.22526412840067,-75.4571703561117,-30.5065338481135,-23.2812697197128
2025-03-03,4.15,9.14,8542.0,-22.5073522467756,-7.62954875428979,-45.8174904942966,-32.0376295127318,-24.408080758442
2025-03-04,4.97,9.11,8235.0,-22.2903982237871,-4.56141972599619,21.6954022988506,-26.6643263315736,-22.1029066055774
2025-03-05,7.06,10.62,8186.0,-21.5158649542802,0.872533924417006,77.4533269506941,-16.2525610033468,-17.1250949277638
2025-03-06,10.19,12.13,8175.0,-20.9058171073902,4.69177451281326,61.0047846889952,-8.5268264341126,-13.2186009469259
2025-03-07,11.92,12.55,8168.0,-20.597056935059,6.42732797053452,30.8760172331259,-4.58654206738875,-11.0138700379233
2025-03-10,9.75,11.56,8133.0,-21.2585004298358,3.02807120149309,-66.1443494776828,-10.7423228084182,-13.7703940099112
2025-03-11,9.89,11.09,8019.0,-21.6609920445938,1.40132570804921,-40.2491614758026,-13.6930066751566,-15.0943323832058
2025-03-12,9.64,10.77,7882.0,-22.0441338070459,0.100200944144042,-38.3141762452107,-16.155123632162,-16.2553245763061
2025-03-13,9.41,9.99,7711.0,-22.455447325742,-1.1536205149354,-41.1313518696069,-18.6527464559065,-17.4991259409711
2025-03-17,9.65,10.1,7442.0,-22.7895716731554,-1.83392390346023,-33.4124347413384,-20.1287152844497,-18.2947913809895
2025-03-18,12.89,11.45,7357.0,-22.1575640066485,2.42424638847,63.2007666506948,-11.7957670909352,-14.2200134794052
2025-03-19,18.95,12.76,7337.0,-21.4859436806657,6.25092405350698,67.1620325982742,-3.8999871220143,-10.1509111755213
2025-03-20,22.63,14.06,7327.0,-21.3130509603592,6.99784080846491,17.2892720306513,-1.78106120674773,-8.77890201521264
2025-03-21,28.59,15.37,7321.0,-20.804430270704,9.28010527665491,50.8620689655172,3.48325181047876,-5.79685346617615
2025-03-24,34.42,16.99,7324.0,-20.5139699005094,10.0942392732712,29.0460370194589,6.03953033137678,-4.05470894189439
2025-03-25,28.68,15.64,7287.0,-21.1635630072591,6.03958525929057,-64.9593106749641,-1.06035376925731,-7.09993902854788
2025-03-26,24.44,14.42,7191.0,-21.8458596579768,2.37914043120039,-68.2296650717703,-7.77728489950861,-10.156425330709
2025-03-27,25.86,15.21,6994.0,-21.9253235162822,2.25172836308875,-7.94638583054093,-7.79419499261184,-10.0459233557006
2025-03-28,26.31,15.09,6813.0,-22.2677434110694,0.816752220628992,-34.2419894787183,-10.4389744412225,-11.2557266618515
2025-04-01,28.87,15.1,6748.0,-21.8667017444027,3.303071664992,40.1041666666667,-5.38466033043357,-8.68773199542557
2025-04-02,34.46,15.75,6727.0,-21.4006081436386,5.73761910208452,46.6093600764088,-0.185258289749338,-5.92287739183385
2025-04-03,40.56,17.42,6721.0,-20.9194805755545,7.86563890188821,48.112756808409,4.64454322006649,-3.22109568182171
2025-04-04,29.91,14.44,6681.0,-21.628172075077,3.69667229817825,-70.8691499522445,-2.90682609716461,-6.60349839534285
2025-04-07,15.95,10.71,6209.0,-22.512896932762,-0.766444300297483,-88.472485768501,-11.4633920642982,-10.6969477640008
2025-04-08,25.34,12.06,6204.0,-21.7930116555153,3.44447390416557,71.9885277246654,-3.11820008540188,-6.56267398956745
2025-04-09,22.8,11.55,6183.0,-22.1748298373335,1.51906930413648,-38.1818181818182,-6.62456189504351,-8.14363119917999
2025-04-11,31.6,13.81,6182.0,-21.4779324626318,5.25883080719018,69.6897374701671,1.00686804147755,-4.25196276571263
2025-04-15,45.1,17.13,6190.0,-20.6705495946716,8.98246020455803,80.7382867960246,8.98000991693226,-0.002450287625769
2025-04-16,52.79,18.37,6207.0,-20.2509791889437,10.1821887271231,41.9570405727924,12.2777129825183,2.09552425539514
2025-04-17,57.73,19.2,6224.0,-20.029871261532,10.1647332786993,22.1107927411652,13.261020958383,3.09628767968364
2025-04-21,66.19,21.27,6247.0,-19.4754205039563,11.765699354724,55.4450757575758,17.4794264383022,5.71372708357825
2025-04-22,71.54,22.46,6263.0,-19.2340247104572,11.5104220325679,24.1395793499044,18.1454417294625,6.63501969689456
2025-04-23,73.81,23.14,6274.0,-19.2670075020442,9.8627148865314,-3.29827915869981,16.0010696406462,6.13835475411484
2025-04-24,75.11,22.99,6289.0,-19.3358740730629,8.22519280507926,-6.88665710186514,13.7122969663951,5.48710416131584
2025-04-25,61.57,19.2,6292.0,-20.1443948964233,3.08571419970324,-80.852082336046,4.25585903615099,1.17014483644775
2025-04-28,62.07,19.79,6292.0,-20.1988456539991,2.44638175003174,-5.44507575757576,3.28576555677832,0.839383806746574
2025-04-29,62.34,19.85,6301.0,-20.3280940982308,1.51353216353279,-12.924844423169,1.66470455878359,0.151172395250796
2025-04-30,53.47,17.44,6296.0,-20.975772413214,-1.88377124749925,-64.7678314983246,-4.97854904692723,-3.09477779942797
2025-05-02,52.24,17.46,6290.0,-21.1788302249675,-2.55594429154525,-20.3057811753464,-6.51127225976914,-3.95532796822389
2025-05-05,59.71,18.89,6281.0,-20.7724915305493,-0.0708899918887078,40.6338694418165,-1.79675808961058,-1.72586809772187
2025-05-06,44.3,15.84,6258.0,-21.5430460238572,-3.83028005435294,-77.0554493307839,-9.32262721372792,-5.49234715937498
2025-05-07,48.15,17.36,6215.0,-21.3380770797578,-2.147789970452,20.4968944099379,-6.34067505136134,-4.19288508090934
2025-05-08,42.64,16.21,6200.0,-21.7594065871705,-3.83001425642494,-42.1329507412721,-9.91990262035242,-6.08988836392747
2025-05-09,38.34,15.11,6129.0,-22.1414075445664,-5.05252319956549,-38.2000957395883,-12.747921932276,-7.69539873271052
2025-05-12,66.1,20.72,6147.0,-21.2549363998171,0.269854780773037,88.647114474929,-2.6084182915555,-2.87827307232854
2025-05-13,72.13,22.32,6162.0,-20.835998092787,2.48147449146281,41.8938307030129,1.84180660790134,-0.639667883561466
2025-05-14,78.63,25.05,6194.0,-20.2737971358492,5.07631522118359,56.2200956937799,7.2796355164892,2.2033202953056
2025-05-15,82.07,27.05,6224.0,-19.8659464896069,6.49777091551106,40.7850646242221,10.6301784272625,4.13240751175143
2025-05-16,84.92,29.14,6253.0,-19.5020057913764,7.46107693952494,36.3940698230512,13.2065675668414,5.74549062731642
2025-05-19,85.99,30.77,6288.0,-19.2131169024875,7.87213915865107,28.8888888888889,14.7747996990461,6.90266054039504
2025-05-20,82.65,29.59,6308.0,-19.6863226441143,4.37376350763225,-47.3205741626794,8.56526231287356,4.19149880524132
2025-05-21,83.09,30.49,6326.0,-19.4877580508129,4.71963518311413,19.8564593301435,9.69438201460056,4.97474683148643
2025-05-22,81.49,30.28,6346.0,-19.6246656621102,3.31439626674204,-13.6907611297271,7.35586770016779,4.04147143342575
2025-05-23,82.4,32.02,6375.0,-19.4139376927615,3.83452291513984,21.0727969348659,8.7275606236376,4.89303770849776
2025-05-26,81.95,33.22,6402.0,-19.26452870931,3.95346365545865,14.9408983451537,9.34889439578921,5.39543074033055
2025-05-27,81.59,33.5,6421.0,-19.3052180343459,3.08489912771675,-4.06893250359024,8.00711170585126,4.92221257813451
2025-05-28,80.38,33.35,6448.0,-19.3119198055283,2.49678973012643,-0.670177118238392,7.1393828234423,4.64259309331587
2025-05-29,79.13,34.71,6480.0,-19.331049408589,1.91933308714431,-1.91296030607365,6.2341485104907,4.31481542334639
2025-05-30,77.67,33.82,6517.0,-19.4765039540436,0.784386279989835,-14.5454545454545,4.15618820489618,3.37180192490634
2025-06-02,76.27,34.06,6554.0,-19.4505115154802,0.66731974856217,2.5992438563327,4.00049377003983,3.33317402147766
2025-06-03,75.52,34.52,6575.0,-19.6762258011945,-0.694642355939358,-22.5714285714286,1.34330153589299,2.03794389183235
2025-06-04,75.37,35.33,6596.0,-19.6133985760636,-0.412939189282589,6.28272251308901,1.83724363361259,2.25018282289518
2025-06-05,76.33,36.77,6632.0,-19.5144451983281,0.0106124771783609,9.895337773549,2.64305304760623,2.63244057042787
2025-06-06,78.11,38.34,6673.0,-19.4549497199845,0.175406592657361,5.94954783436459,2.97370252628207,2.79829593362471
2025-06-09,81.84,41.68,6714.0,-19.0163283790969,2.21105784114854,43.862134088763,7.06254568253016,4.85148784138162
2025-06-10,82.61,42.78,6761.0,-18.9380467561852,2.13878577952308,7.82816229116945,7.13910734339409,5.00032156387101
2025-06-11,83.73,44.39,6798.0,-18.8459226511732,2.13551164843689,9.21241050119332,7.34643765917401,5.21092601073713
2025-06-12,79.94,40.95,6823.0,-19.3929842851914,-1.07389398703444,-54.7061634018156,1.14117755307505,2.21507154010949
2025-06-13,76.78,39.04,6830.0,-19.7941304169965,-3.08298882436226,-40.1146131805158,-2.98440152028403,0.098587304078229
2025-06-16,75.36,40.51,6848.0,-19.8506808411247,-3.06237142777085,-5.6550424128181,-3.25146560953743,-0.189094181766587
2025-06-17,71.86,39.1,6870.0,-20.2546923024428,-4.76673688249569,-40.4011461318052,-6.96643366176421,-2.19969677926852
2025-06-18,70.47,37.49,6889.0,-20.6052176128535,-5.93270490733618,-35.0525310410697,-9.77504339969476,-3.84233849235858
2025-06-19,58.51,32.33,6890.0,-21.3312319326625,-8.77738909102998,-72.6014319809069,-16.057682257816,-7.28029316678599
2025-06-20,61.92,34.34,6890.0,-20.9931298821141,-5.84512527084567,33.8102050548402,-11.0708935265504,-5.22576825570468
2025-06-23,59.87,35.12,6903.0,-21.0937883957548,-5.50261689917907,-10.065851364064,-10.9703893103017,-5.46777241112265
2025-06-24,64.95,37.64,6915.0,-20.6824442584812,-2.62224590233706,41.1344137273594,-5.7599090065356,-3.13766310419854
2025-06-25,71.28,41.41,6931.0,-20.1311805484192,0.553180393416539,55.1263710061993,0.32871899473789,-0.224461398678649
2025-06-26,70.85,42.14,6964.0,-20.1645615689247,0.342180321481397,-3.3381020505484,-0.0379631097907396,-0.380143431272137
2025-06-27,72.26,42.94,6998.0,-20.0772940438889,0.763307086075691,8.72675250357654,0.838508451545988,0.0752013654702971
2025-06-30,73.84,45.5,7032.0,-19.9000490979557,1.5694410388608,17.7244945933239,2.52710706572378,0.957666026862979
2025-07-01,73.46,46.14,7078.0,-19.9557633836699,1.08604220506015,-5.57142857142857,1.71725350200855,0.631211296948401
2025-07-02,72.53,45.56,7103.0,-20.1906659038792,-0.228635181339413,-23.4902520209225,-0.803497050284557,-0.574861868945143
2025-07-03,72.97,46.27,7131.0,-20.2229392783452,-0.338395442088542,-3.22733744660655,-1.04588108991676,-0.707485647828214
2025-07-04,73.84,47.13,7152.0,-20.1788216312864,-0.0485933801941599,4.41176470588235,-0.500116510336845,-0.451523130142685
2025-07-07,71.68,45.85,7169.0,-20.4408938300675,-1.33151887957291,-26.207219878106,-3.07082684711376,-1.73930796754085
2025-07-08,70.38,46.22,7183.0,-20.5877569479382,-1.84571718259219,-14.6863117870722,-4.23237534110961,-2.38665815851742
2025-07-09,71.57,47.25,7201.0,-20.5953687462255,-1.57987154784382,-0.761179828734539,-3.8852557898721,-2.30538424202827
2025-07-10,70.63,47.8,7223.0,-20.6653354287577,-1.65644859361867,-6.99666825321276,-4.19639703620616,-2.5399484425875
2025-07-11,65.1,46.62,7240.0,-21.0681857850522,-3.37805809360011,-40.2850356294537,-7.80526089553092,-4.42720280193081
2025-07-14,62.16,46.13,7263.0,-21.1693567452396,-3.32474694508033,-10.1170960187354,-8.03644440785136,-4.71169746277104
2025-07-15,67.63,49.28,7303.0,-20.8214687528333,-1.01724741540242,34.7887992406265,-3.75392004300358,-2.73667262760116
2025-07-16,69.64,50.92,7337.0,-20.6634241396392,0.0115340234884556,15.8044613194115,-1.79808190676207,-1.80961593025053
2025-07-17,69.0,52.59,7372.0,-20.682390474395,0.0060297438730938,-1.89663347558084,-1.80793706364395,-1.81396680751704
2025-07-18,64.06,50.47,7408.0,-21.0198312326888,-1.59107868160756,-33.7440758293839,-5.00155094021794,-3.41047225861038
2025-07-21,60.65,50.39,7442.0,-21.1608868141928,-1.96672510803613,-14.105558150397,-5.91195166123585,-3.94522655319972
2025-07-22,57.38,50.4,7479.0,-21.3690423381378,-2.61356888929752,-20.8155523944998,-7.40231173456224,-4.78874284526472
2025-07-23,56.42,50.32,7505.0,-21.4843174804528,-2.68915056967949,-11.5275142314991,-7.81483198425592,-5.12568141457643
2025-07-24,53.94,50.1,7539.0,-21.7828956795049,-3.65684243724338,-29.8578199052133,-10.0191307763517,-6.36228833910828
2025-07-25,42.98,45.11,7549.0,-22.4734170065191,-6.42565041163472,-69.0521327014218,-15.9224309688587,-9.49678055722395
2025-07-28,37.03,40.87,7558.0,-23.0382490960714,-8.13240679037124,-56.4832089552239,-19.9785087674952,-11.8461019771239
2025-07-29,40.43,43.75,7563.0,-22.7107609444126,-5.08942025418409,32.7488151658768,-14.705776374158,-9.61635611997391
2025-07-30,41.51,44.27,7604.0,-22.7264081705862,-4.17789655363469,-1.5647226173542,-13.3916709984776,-9.21377444484293
2025-07-31,37.79,42.8,7619.0,-23.0886240796771,-5.11049772148362,-36.2215909090909,-15.6746629895389,-10.5641652680553
2025-08-01,32.84,39.18,7639.0,-23.6239015961399,-6.7476272682467,-53.5277516462841,-19.4599718552135,-12.7123445869668
2025-08-04,33.85,40.49,7634.0,-23.4898857748277,-4.7671682055125,13.4015821312238,-16.1738164565697,-11.4066482510572
2025-08-05,31.92,40.18,7641.0,-23.7558632184367,-5.0500061904535,-26.5977443609023,-17.216209247003,-12.1662030565495
2025-08-06,28.67,37.85,7614.0,-24.283093265385,-6.57284565332246,-52.7230046948357,-20.7668887917863,-14.1940431384638
2025-08-07,28.07,37.52,7570.0,-24.4604747764127,-6.09276648620546,-17.7381511027687,-20.4640150228845,-14.371248536679
2025-08-08,24.07,34.92,7545.0,-24.8633828439549,-6.77946774846203,-40.2908067542214,-22.4466941960182,-15.6672264475562
2025-08-11,25.51,35.24,7506.0,-24.8373847009652,-5.18816893628909,2.59981429897864,-19.9420433465185,-14.7538744102294
2025-08-12,25.65,36.64,7493.0,-24.8444203482447,-3.96683655854646,-0.703564727954972,-18.0181954846622,-14.0513589261157
2025-08-13,27.57,37.55,7482.0,-24.7721877028413,-2.50642172936915,7.22326454033771,-15.4940494821622,-12.987627752793
2025-08-14,26.12,36.02,7465.0,-25.0980092990855,-3.23550615001324,-32.5821596244131,-17.2028604963873,-13.967354346374
2025-08-18,30.29,37.68,7477.0,-24.793238571897,-0.68973418175065,30.4770727188513,-12.4348671748634,-11.7451329931128
2025-08-19,33.33,39.99,7502.0,-24.4146068942962,1.8596542740838,37.863167760075,-7.40506368136957,-9.26471795545337
2025-08-20,34.97,41.32,7539.0,-24.2778387444133,2.82076549386261,13.6768149882904,-5.29687581440357,-8.11764130826618
2025-08-21,35.39,42.01,7572.0,-24.3353960677638,2.6567843931372,-5.75573233504913,-5.34276146646813,-7.99954585960533
2025-08-22,33.35,40.81,7598.0,-24.6030610186295,1.45275849247525,-26.76649508657,-7.48513482847831,-8.93789332095356
2025-08-25,33.05,41.12,7620.0,-24.7488268677734,1.02554806355583,-14.5765849143915,-8.19427983706963,-9.21982790062546
2025-08-26,27.65,37.16,7607.0,-25.3948942835037,-1.84635242642017,-64.6067415730337,-13.835526010666,-11.9891735842459
2025-08-28,23.52,34.91,7580.0,-25.8376245312831,-3.27590974346254,-44.2730247779336,-16.8792758873928,-13.6033661439303
2025-08-29,24.11,34.75,7549.0,-26.0176993675787,-3.16852464339779,-18.0074836295603,-16.9920966616095,-13.8235720182118
2025-09-01,28.11,37.59,7546.0,-25.6123438735805,-0.133716108156655,40.5355493998153,-11.2393320554671,-11.1056159473104
2025-09-02,31.25,39.16,7557.0,-25.3402096704118,1.79560731586796,27.2134203168686,-7.39405681823349,-9.18966413410145
2025-09-03,35.01,41.99,7587.0,-25.0138693440715,3.70723142268787,32.6340326340326,-3.39124787300688,-7.09847929569475
2025-09-04,32.75,40.5,7627.0,-25.3700465002487,1.91054646431804,-35.6177156177156,-6.61389464747776,-8.52444111179579
2025-09-05,34.03,40.65,7652.0,-25.4179980831165,1.9059559591371,-4.7951582867784,-6.43202101140782,-8.33797697054492
2025-09-08,35.23,41.31,7696.0,-25.3635951324479,2.40427396509319,5.44029506685108,-5.24478940358193,-7.64906336867512
2025-09-09,35.57,41.43,7728.0,-25.4771891734163,1.97832953217591,-11.3594040968343,-5.85625087290716,-7.83458040508308
2025-09-10,39.57,43.57,7748.0,-25.2812841012897,3.15175095984533,19.590507212657,-3.31157506435074,-6.46332602419607
2025-09-11,39.75,44.01,7762.0,-25.3375893595494,2.87821587377232,-5.63052582596557,-3.54347014051223,-6.42168601428455
2025-09-12,40.7,44.97,7788.0,-25.4279059331062,2.45989571932533,-9.0316573556797,-4.09228886202897,-6.5521845813543
2025-09-15,43.18,46.09,7815.0,-25.3025603109864,3.16824348705959,12.5345622119816,-2.42960375462792,-5.59784724168751
2025-09-16,47.42,48.06,7852.0,-25.078526775821,4.25147917626474,22.4033535165347,0.0536919724883433,-4.1977872037764
2025-09-17,50.95,49.68,7884.0,-24.9667949322456,4.59487983670418,11.1731843575419,1.1656412109937,-3.42923862571048
2025-09-18,52.55,50.15,7915.0,-25.0588023671898,3.8468166095981,-9.20074349442379,0.12900274045195,-3.71781386914615
2025-09-19,53.38,50.78,7936.0,-25.0783100309149,3.55048732347042,-1.95076637250348,-0.0789741708435934,-3.62946149431401
2025-09-22,48.81,48.69,7957.0,-25.4041372367972,1.74777563642732,-32.5827205882353,-3.32934881258276,-5.07712444901008
2025-09-23,47.99,48.6,7979.0,-25.6625015490649,0.535032733896798,-25.8364312267658,-5.58005705400107,-6.11508978789786
2025-09-24,44.71,46.2,8003.0,-26.0937921711633,-1.3691691605901,-43.1290622098422,-9.33495756958518,-7.96578840899508
2025-09-25,40.44,44.75,7990.0,-26.5810192961052,-3.27009844879104,-48.7227124941942,-13.2737330620461,-10.003634613255
2025-09-26,30.02,39.85,7934.0,-27.3242876340811,-6.15924856312848,-74.3268337975859,-19.3790431356001,-13.2197945724716
2025-09-29,29.89,38.78,7898.0,-27.5276774645896,-5.89928313073443,-20.3389830508475,-19.4750371271248,-13.5757539963904
2025-09-30,30.08,39.18,7874.0,-27.5924922794044,-4.95464119191555,-6.48148148148148,-18.1756815625605,-13.2210403706449
2025-10-01,36.5,42.64,7871.0,-27.150353044734,-1.58742888083997,44.2139234670355,-11.9367210596009,-10.3492921787609
2025-10-03,41.29,44.89,7895.0,-26.7817382265104,0.93185270730034,36.8614818223654,-7.05690077140425,-7.98875347870459
2025-10-06,40.92,44.06,7907.0,-27.036300270306,-0.0347051084725667,-25.456204379562,-8.89683113222003,-8.86212602374746
2025-10-07,40.44,44.68,7903.0,-27.2586245698007,-0.699749793911526,-22.2324299494718,-10.2303910139452,-9.53064122003367
2025-10-08,39.31,44.61,7892.0,-27.5431587597961,-1.57591370349574,-28.4534189995411,-12.0526938125048,-10.476780109009
2025-10-09,40.44,44.95,7879.0,-27.6211046561739,-1.28421280958476,-7.79458963778083,-11.6268833950324,-10.3426705854476
2025-10-10,42.49,45.92,7888.0,-27.404292529394,0.44540263454596,21.6812126779972,-8.29607378772943,-8.74147642227539
2025-10-13,39.7,43.69,7871.0,-27.8477273317565,-1.37923781960768,-44.3434802362563,-11.9008144325821,-10.5215766129744
2025-10-14,33.85,41.98,7826.0,-28.4057282487671,-3.50523979205092,-55.8000917010546,-16.2907421594294,-12.7855023673784
2025-10-15,36.86,42.95,7806.0,-28.1505747902238,-1.23967340176046,25.5153458543289,-12.1101333580535,-10.8704599562931
2025-10-16,39.24,44.77,7814.0,-27.9782558168049,0.289411803324644,17.2318973418882,-9.17593028805936,-9.465342091384
2025-10-17,36.54,43.36,7802.0,-28.3777061145603,-1.26351376121553,-39.9450297755383,-12.2528402368073,-10.9893264755917
2025-10-20,38.91,43.96,7791.0,-28.2404156750496,0.0987561362388441,13.7290439510648,-9.65465181802005,-9.75340795425889
2025-10-21,43.23,46.5,7811.0,-27.6352851207665,3.60220369174339,60.5130554283097,-2.63788109338707,-6.24008478513046
2025-10-23,43.59,46.87,7856.0,-27.8054589542524,2.70311839439648,-17.0173833485819,-4.07583131890656,-6.77894971330303
2025-10-24,41.18,46.92,7872.0,-28.053400399815,1.53204681280862,-24.7941445562672,-6.14766264264262,-7.67970945545124
2025-10-27,41.34,47.28,7896.0,-28.1140613323637,1.459522941557,-6.06609325486646,-6.139505703865,-7.599028645422
2025-10-28,40.94,47.03,7920.0,-28.2565258307604,0.981199587688892,-14.2464498396702,-6.95020011744552,-7.93139970513441
2025-10-29,44.56,49.0,7945.0,-28.0141015883361,2.49177082629793,24.2424242424242,-3.83093768145854,-6.32270850775648
2025-10-30,44.31,48.66,7964.0,-28.2124486957742,1.56699363186588,-19.8347107438017,-5.43131498769285,-6.99830861955874
2025-10-31,41.44,48.2,7983.0,-28.5189744310683,0.227581023186643,-30.6525735294118,-7.95344084186474,-8.18102186505139
2025-11-03,43.89,49.04,8017.0,-28.4345824165492,1.03583408671583,8.43920145190563,-6.31417661248771,-7.35001069920354
2025-11-04,39.52,47.08,8016.0,-28.8285356918584,-0.670015163541617,-39.3953275309208,-9.62229170433101,-8.9522765407894
2025-11-06,32.27,42.23,7957.0,-29.4651076441957,-3.33825958183451,-63.6571952337305,-15.025782057271,-11.6875224754365
2025-11-07,31.98,42.47,7871.0,-29.4967155232612,-2.57809689520677,-3.16078790655062,-13.8392826421989,-11.2611857469922
2025-11-10,31.81,41.85,7814.0,-29.6863941108574,-2.70562085631747,-18.9678587596197,-14.352140253941,-11.6465193976235
2025-11-11,31.29,41.26,7741.0,-29.8071074167559,-2.45629933029701,-12.0713305898491,-14.1240592875318,-11.6677599572348
2025-11-12,33.29,43.37,7734.0,-29.5764438011953,-0.473963321602362,23.0663615560641,-10.4050172031722,-9.93105388156987
2025-11-13,32.58,42.57,7715.0,-29.8251863709255,-1.17372714401475,-24.8742569730224,-11.8519411801573,-10.6782140361425
2025-11-14,31.51,42.7,7681.0,-29.9435052379881,-1.11403806311908,-11.8318867062586,-11.8499357327674,-10.7358976696483
2025-11-17,33.23,43.49,7660.0,-29.9557003599393,-0.526814983080856,-1.21951219512195,-10.7868933790028,-10.260078395922
2025-11-18,30.38,40.76,7612.0,-30.413482194718,-2.25003873886987,-45.778183477864,-14.286022388889,-12.0359836500191
2025-11-19,30.24,40.33,7558.0,-30.6651921810381,-2.68178561408248,-25.1709986320109,-15.3745200132012,-12.6927343991187
2025-11-20,29.76,39.75,7516.0,-30.8634601846844,-2.77031035094984,-19.8268003646308,-15.8197480483441,-13.0494376973943
2025-11-21,25.34,37.0,7415.0,-31.4400326550581,-4.72366978285387,-57.6572470373747,-20.0034979472472,-15.2798281643933
2025-11-24,22.56,34.13,7249.0,-31.9910254348415,-6.24227529526579,-55.0992779783393,-23.5130759503564,-17.2708006550906
2025-11-25,22.88,34.77,7130.0,-31.9719171545867,-4.65896633171079,1.91082802547771,-20.970685552773,-16.3117192210622
2025-11-26,26.77,37.5,7109.0,-31.4860337301787,-0.948066615446534,48.5883424408015,-14.0147827534155,-13.066716137969
2025-11-27,26.31,37.43,7094.0,-31.6417005485674,-0.978258238946991,-15.5666818388712,-14.1699726619611,-13.1917144230141
2025-11-28,26.87,36.82,7058.0,-31.7786432237267,-0.905560069697765,-13.6942675159236,-14.1224021473574,-13.2168420776596
2025-12-01,26.89,36.49,7012.0,-32.0021144467483,-1.27151807395292,-22.3471223021583,-14.9448741628374,-13.6733560888845
2025-12-02,24.98,35.87,6928.0,-32.3831747095484,-2.36599977611431,-38.1060262800181,-17.2609893745555,-14.8949895984412
2025-12-03,22.79,34.43,6803.0,-32.8326536402236,-3.63204497195645,-44.9478930675125,-20.0296797438512,-16.3976347718948
2025-12-04,23.2,33.99,6688.0,-33.0414398721076,-3.49288989558635,-20.8786231884058,-20.1145740883067,-16.6216841927203
2025-12-05,22.83,33.0,6544.0,-33.3531752595113,-3.87119363341028,-31.1735387403715,-21.2204705535132,-17.3492769201029
2025-12-08,17.21,28.78,6271.0,-34.1095797538934,-6.39863289597422,-75.6404494382023,-26.6624684419821,-20.2638355460078
2025-12-09,19.3,31.12,5986.0,-33.7222494371513,-2.808926245366,38.7330316742082,-20.122918430363,-17.313992184997
2025-12-10,18.44,30.48,5960.0,-33.9049721870382,-2.57594776101419,-18.2722749886929,-19.937854086196,-17.3619063251818
2025-12-11,21.23,30.87,5917.0,-33.7056951874901,-0.453872670913061,19.9276999548125,-15.9512986820952,-15.4974260111821
2025-12-12,22.95,32.39,5910.0,-33.4404443967083,1.69263985064607,26.5250790781744,-11.7036609060682,-13.3963007567143
2025-12-15,23.44,32.87,5889.0,-33.4027762352734,2.38153171059207,3.76681614349776,-10.1566132011116,-12.5381449117037
2025-12-16,22.22,31.96,5853.0,-33.7779455354991,0.894439283989376,-37.5169300225734,-12.8926448832578,-13.7870841672472
2025-12-17,20.45,30.9,5775.0,-34.2345851018948,-0.788848268025523,-45.6639566395664,-16.1697760588887,-15.3809277908631
2025-12-18,19.2,29.71,5649.0,-34.5334564337232,-1.43527371082203,-29.8871331828442,-17.5415117712842,-16.1062380604622
2025-12-19,22.37,32.0,5609.0,-34.0986934540392,1.68738046170315,43.4762979683973,-11.4397307973161,-13.1271112590192
2025-12-22,26.63,33.67,5622.0,-33.690375028279,4.21659010728522,40.8318425760286,-6.2125734599816,-10.4291635672668
2025-12-23,28.91,34.33,5633.0,-33.562725050832,4.95463916215505,12.7649977447,-4.31481633951343,-9.26945550166848
2025-12-24,28.47,33.7,5637.0,-33.8033739917964,3.71940331620097,-24.0648940964398,-6.28982411520607,-10.009227431407
2025-12-26,27.5,33.17,5627.0,-34.1116209498856,2.30668956570508,-30.8246958089229,-8.74331128457776,-11.0500008502828
2025-12-29,25.76,31.87,5576.0,-34.5361745213141,0.505752794505856,-42.4553571428571,-12.1145158704057,-12.6202686649116
2025-12-30,25.49,30.99,5516.0,-34.7227450485787,0.153338311978178,-18.6570527264534,-12.7687695560105,-12.9221078679886
2025-12-31,29.11,32.82,5517.0,-34.2754477512814,3.02059636066628,44.7297297297297,-7.01891962743645,-10.0395159881027
2026-01-01,30.35,33.14,5533.0,-34.3114351556898,3.0405755019625,-3.5987404408457,-6.67690170877737,-9.71747721073987
2026-01-02,35.04,35.08,5576.0,-33.9090896437368,5.23411937206869,40.234551195309,-1.98575641836874,-7.21987579043743
2026-01-05,35.21,34.1,5608.0,-34.236167391726,3.43631248443731,-32.7077747989276,-5.05795825642463,-8.49427074086194
2026-01-06,33.12,33.48,5613.0,-34.5876770807752,1.75984632779107,-35.1509689049121,-8.06725932127338,-9.82710564906445
2026-01-07,34.8,33.91,5616.0,-34.5786721280512,2.12024174108518,0.90049527239982,-7.17048386190606,-9.29072560299124
2026-01-08,27.28,29.22,5541.0,-35.3046748319718,-1.2572596724772,-72.6002703920685,-13.7134625149223,-12.4562028424451
2026-01-09,20.88,26.68,5347.0,-36.0026008914849,-3.9983538606726,-69.7926059513075,-19.3213768585608,-15.3230229978882
2026-01-12,19.35,25.56,5040.0,-36.3986670515207,-4.81269812488974,-39.6066160035762,-21.3499007730624,-16.5372026481726
2026-01-13,20.81,25.86,4946.0,-36.4414405769597,-3.7184358071871,-4.27735254389915,-19.642645950146,-15.9242101429589
2026-01-14,22.84,26.21,4851.0,-36.5171162526354,-2.92876009769882,-7.56756756756757,-18.4351381118882,-15.5063780141894
2026-01-16,21.49,25.0,4732.0,-36.7579987380023,-3.06497761405423,-24.0882485366952,-19.0004491543689,-15.9354715403147
2026-01-19,19.2,23.45,4480.0,-37.3358657616525,-4.85104139388385,-57.7867023650156,-22.8790744754336,-18.0280330815497
2026-01-20,12.0,19.27,4024.0,-38.1623046105733,-7.5967298450223,-82.6438848920863,-28.8555555170988,-21.2588256720765
2026-01-21,10.86,17.98,3493.0,-38.6036529251801,-7.98085714994995,-44.1348314606742,-30.3834831114564,-22.4026259615064
2026-01-22,14.04,19.7,3405.0,-38.0663663124218,-3.37620707308808,53.7286612758311,-21.9722686727276,-18.5960615996395
2026-01-23,10.85,17.6,3183.0,-38.672209009051,-5.13799676894337,-60.5842696629214,-25.833468771747,-20.6954720028036
2026-01-27,11.88,17.28,2791.0,-38.8687330732221,-4.57204381276447,-19.6524064171123,-25.2153625362835,-20.6433187235191
2026-01-28,15.95,19.38,2721.0,-38.3037892529974,-0.257954394188474,56.4943820224719,-17.044388080408,-16.7864336862195
2026-01-29,16.2,19.84,2622.0,-38.5651273760328,-0.699527885636019,-26.1338123035474,-17.9533305027219,-17.2538026170859
2026-01-30,19.15,21.09,2514.0,-38.3131058126905,1.49322285049347,25.2021563342318,-13.6377818190266,-15.13100466952
2026-02-01,14.92,18.6,2408.0,-38.6359898252297,0.486030736224194,-32.2884012539185,-15.5028437625158,-15.9888744987399
2026-02-02,16.21,19.26,2220.0,-38.7577561053368,0.628039987003534,-12.1766280107047,-15.1702221873347,-15.7982621743382
2026-02-03,27.11,23.8,2221.0,-38.0467345999604,4.91025662390181,71.1021505376344,-6.54298491483774,-11.4532415387396
2026-02-04,32.96,24.86,2217.0,-37.6582937397454,6.93409733952388,38.8440860215054,-2.00427782120343,-8.93837516072731
2026-02-05,31.01,24.33,2201.0,-37.9908800239229,5.02467494272036,-33.2586284177499,-5.12971288085808,-10.1543878235784
2026-02-06,31.16,24.13,2169.0,-38.1898047551057,4.03530318371327,-19.8924731182796,-6.60598890460023,-10.6412920883135
2026-02-09,42.89,27.89,2182.0,-37.5969317038807,7.12820272588234,59.2873051224944,-0.0166595018907598,-7.14486222777309
2026-02-10,47.51,28.79,2218.0,-37.3941501875057,7.78653314655804,20.2781516375056,2.01282161204888,-5.77371153450916
2026-02-11,46.52,28.91,2235.0,-37.595853459581,6.28804904825118,-20.1703272075303,-0.205493269909036,-6.49354231816021
2026-02-12,42.35,27.58,2233.0,-37.9595305896258,4.16553560910986,-36.3677130044843,-3.82171524336656,-7.98725085247642
2026-02-13,35.79,24.95,2161.0,-38.5200687062177,1.34565400786305,-56.0538116591928,-9.04492488494919,-10.3905788928122
2026-02-16,32.91,24.57,2085.0,-38.7704027819416,0.478947173098202,-25.0334075723831,-10.6437731536926,-11.1227203267908
2026-02-17,36.43,25.39,2073.0,-38.4814242873179,2.4320809452462,28.8978494623656,-6.68961089208676,-9.12169183733296
2026-02-18,38.04,26.18,2068.0,-38.4384712671837,2.85972254325937,4.29530201342282,-5.5911196015358,-8.45084214479517
2026-02-19,32.66,23.12,2031.0,-39.0518940859756,-0.0708216977865401,-61.3422818791946,-11.1662358293017,-11.0954141315151
2026-02-20,32.28,23.27,1949.0,-39.2075291485874,-0.287144134491163,-15.5635062611807,-11.6059628724896,-11.3188187379984
2026-02-23,32.54,23.71,1889.0,-39.3713835002748,-0.511760542579072,-16.3854351687389,-12.0839101021145,-11.5721495595354
2026-02-24,28.58,22.05,1721.0,-39.8613163861809,-2.3316414398746,-48.993288590604,-15.7748479509635,-13.4432065110889
2026-02-25,30.07,23.29,1602.0,-39.8926362966954,-1.5829165229054,-3.13199105145414,-14.5105622610125,-12.9276457381071
2026-02-26,31.38,23.37,1527.0,-39.8394638212709,-0.512380206587073,5.31724754244862,-12.5277812806664,-12.0154010740793
2026-02-27,27.97,21.52,1387.0,-40.2051321270376,-1.68871366105766,-36.5668305766652,-14.9316862102663,-13.2429725492086
2026-03-02,22.09,18.46,929.0,-40.9720794021816,-4.69243004321145,-76.6947275143996,-21.1079903406796,-16.4155602974682
2026-03-04,17.57,16.5,515.0,-41.6513835948667,-6.7989299874424,-67.9304192685103,-25.7902332334627,-18.9913032460203
2026-03-05,19.92,17.75,322.0,-41.2970774815244,-3.39794125968586,35.4306113342258,-19.6681487766938,-16.270207517008
2026-03-06,19.55,17.13,216.0,-41.5217765452783,-3.36813207663638,-22.4699063753901,-19.9483245365635,-16.5801924599271
2026-03-09,15.55,15.23,-339.0,-42.2361885700352,-5.77436936976065,-71.4412024756852,-25.0976123304757,-19.323242960715
2026-03-10,19.9,16.88,-418.0,-41.6067899063381,-1.08377696626331,62.9398663697105,-16.293864460457,-15.2100874941937
2026-03-11,19.66,16.78,-472.0,-41.78050928273,-1.08349177688721,-17.3719376391982,-16.4016717783312,-15.318180001444
2026-03-12,19.05,16.56,-657.0,-42.0662872586551,-1.63812347875179,-28.57779759251,-17.619284359749,-15.9811608809973
2026-03-13,13.77,13.86,-979.0,-42.8303121918697,-4.49537775289977,-76.4024933214604,-23.4976052559202,-19.0022275030204
2026-03-16,12.51,13.93,-1521.0,-43.2142486437674,-5.01541086194686,-38.3936451897617,-24.9872092493043,-19.9717983873575
2026-03-17,14.09,14.43,-1723.0,-43.0691017158956,-2.78954521702544,14.5146927871772,-21.0370190456562,-18.2474738286307
2026-03-18,18.51,16.42,-1778.0,-42.3742242103277,1.87617052394828,69.4877505567929,-11.9845420854113,-13.8607126093596
2026-03-19,14.09,13.88,-1966.0,-43.1657609586573,-1.57609463962667,-79.1536748329621,-18.7014553601664,-17.1253607205397
2026-03-20,16.49,14.6,-2100.0,-43.0059212436083,0.236981435607856,15.9839715048976,-15.23291267366,-15.4698941092678
2026-03-23,9.96,10.74,-2785.0,-43.9039794960355,-3.50351326462546,-89.8058252427185,-22.6902039305658,-19.1866906659403
2026-03-24,13.15,12.4,-3049.0,-43.341006643343,0.621036858596495,56.2972852692479,-14.7914550105844,-15.4124918691809
2026-03-25,16.56,14.26,-3114.0,-42.7958754739344,4.05521361323902,54.5131169408626,-7.86099781543974,-11.9162114286788
2026-03-27,12.78,12.49,-3628.0,-43.564661601102,0.401572187510908,-76.878612716763,-14.7627593055721,-15.164331493083
2026-03-30,11.07,11.25,-4510.0,-44.33965059273565,-2.755313414754248,-77.49889916336416,-21.036373291351307,-18.28105987659706
2026-04-01,15.91,13.39,-4547.0,-43.46881171124431,2.7884653280077547,87.0838881491345,-10.224347147302728,-13.012812475310485
2026-04-02,17.72,13.28,-4605.0,-43.14803191505467,4.764158399920665,32.07797961896323,-5.994114470676133,-10.758272870596798
2026-04-06,21.84,14.52,-4618.0,-42.597702244725006,7.577304555106789,55.03296703296703,0.108593679688183,-7.468710875418606
2026-04-07,25.66,15.48,-4617.0,-42.35931215184575,8.384960107763325,23.8390092879257,2.481635240511934,-5.90332486725139
2026-04-08,44.88,19.82,-4596.0,-41.51594931998734,12.058444499641595,84.33628318584071,10.667100035044813,-1.3913444645967843
2026-04-09,45.9,19.85,-4573.0,-41.58538762162379,10.574975764725057,-6.943830163644406,8.906007015175891,-1.6689687495491654
2026-04-10,59.28,22.83,-4544.0,-40.90024349745527,13.026647246572583,68.51441241685144,14.866847555343448,1.8402003087708647
2026-04-13,56.24,22.62,-4517.0,-41.12949250931298,10.485727447188244,-22.92490118577075,11.087672681232029,0.6019452340437839
2026-04-15,72.45,26.82,-4461.0,-40.34935066534135,13.307766660625386,78.01418439716312,17.780323852825138,4.472557192199751
2026-04-16,76.44,29.06,-4399.0,-40.03715554339013,13.314337744708958,31.21951219512195,19.124242687054817,5.80990494234586
2026-04-17,81.02,31.22,-4326.0,-39.55268349370069,14.114768971567972,48.4472049689441,22.056538915243745,7.941769943675772
2026-04-20,77.18,30.41,-4260.0,-39.87884679484204,10.675387071520626,-32.61633011413521,16.58925201230585,5.913864940785222
2026-04-21,80.4,32.02,-4202.0,-39.679696051742255,10.307908832828245,19.91507430997877,16.921834242073142,6.6139254092449
2026-04-22,81.65,33.33,-4148.0,-39.46213879983386,10.034207938625157,21.75572519083969,17.405223336949796,7.37101539832464
2026-04-23,79.18,32.91,-4102.0,-39.72357947779996,7.3550329850158995,-26.14406779661017,13.0502942235938,5.695261238577899
2026-04-24,73.13,30.74,-4069.0,-40.30015987661201,3.451864630525169,-57.65803988120493,5.979460813113927,2.527596182588758
2026-04-27,80.25,33.58,-4011.0,-39.7293912919837,5.834141281484753,57.07685846283075,11.08920057808561,5.255059296600857
2026-04-28,79.74,34.65,-3948.0,-39.87352016014818,4.267329847683854,-14.412886816447648,8.538991838632285,4.271661990948431
2026-04-29,80.45,34.81,-3879.0,-39.96728341852748,3.1581974714715693,-9.37632583792957,6.7474600709761,3.58926259950453
2026-04-30,78.78,33.92,-3847.0,-40.267368308170944,1.1624901461318695,-30.00848896434635,3.0718651674438555,1.909375021311986
2026-05-04,80.6,36.21,-3773.0,-40.00562334172799,2.2594972126678483,26.174496644295303,5.382128315129,3.122631102461152
2026-05-05,80.61,37.29,-3718.0,-40.10346324007615,1.3882164445372176,-9.783989834815756,3.865516500134525,2.477300055597307
2026-05-06,86.32,41.04,-3647.0,-39.61553439636586,3.565174015855092,48.79288437102922,8.358253287223995,4.793079271368903
2026-05-07,88.6,44.0,-3547.0,-39.23942257933918,4.849561735834556,37.61118170266836,11.283546128768432,6.433984392933876
2026-05-08,87.32,43.93,-3443.0,-39.36812706706144,3.399383903993061,-12.870448772226926,8.868146638668897,5.468762734675836
2026-05-11,82.81,40.69,-3377.0,-39.860163948872,0.3258229678071553,-49.20368818105616,3.060963156696391,2.735140188889236
2026-05-12,72.15,33.87,-3363.0,-40.6532966322124,-3.809179755120015,-79.31326833403985,-5.176459992377233,-1.3672802372572184
2026-05-13,74.23,34.91,-3352.0,-40.52278815763613,-2.7073553948637965,13.050847457627118,-3.3537292473767977,-0.6463738525130014
2026-05-14,73.49,36.09,-3322.0,-40.60065527570638,-2.793636753103015,-7.786711807024968,-3.797027503341615,-1.0033907502385997
2026-05-15,71.83,35.15,-3288.0,-40.91251968248604,-4.02342557417909,-31.186440677966104,-6.535968820804064,-2.512543246624975
2026-05-18,63.09,31.29,-3291.0,-41.45388885510259,-6.202301717512671,-54.13691726165477,-11.296063664889136,-5.093761947376465
2026-05-19,67.65,33.84,-3268.0,-41.13736343137378,-3.7447563297485145,31.65254237288136,-7.001203061112088,-3.2564467313635737
2026-05-20,67.9,33.73,-3243.0,-41.1360922449331,-3.201102428002095,0.1271186440677966,-6.2883708905941,-3.087268462592005
2026-05-21,69.02,35.61,-3185.0,-40.978398306823735,-1.938159071525444,15.76939381093684,-4.082594420441007,-2.1444353489155628
2026-05-22,69.6,35.84,-3140.0,-40.988148200846624,-1.6858708670415767,-0.9749894022891056,-3.7718339186258167,-2.08596305158424
2026-05-25,73.68,38.62,-3080.0,-40.62348181393936,0.4103463067780917,36.46663869072598,0.2520133423093629,-0.1583329644687288
2026-05-26,73.74,39.57,-3016.0,-40.65227097566671,0.2332825156869704,-2.87891617273497,-0.0610796091950704,-0.2943621248820409
2026-05-27,73.88,40.37,-2943.0,-40.598079612415226,0.4956291866197844,5.4191363251481794,0.4869419842392546,-0.0086872023805298
2026-05-29,69.11,38.49,-2877.0,-40.968105014616754,-1.403626382930788,-37.00254022015241,-3.262006236199912,-1.858379853269124
2026-06-01,60.29,36.26,-2841.0,-41.322009296732624,-2.9398661625535984,-35.3904282115869,-6.474848433738611,-3.5349822711850125
2026-06-02,61.83,37.42,-2832.0,-41.13340170179592,-1.526092458055444,18.860759493670887,-3.941287640997661,-2.415195182942217
2026-06-03,59.16,37.46,-2809.0,-41.31491288795041,-2.160279383875267,-18.15111861544956,-5.362270738442851,-3.201991354567584
2026-06-04,59.4,39.04,-2768.0,-41.28790866854113,-1.649130780712948,2.70042194092827,-4.5560014705057394,-2.9068706897927914
2026-06-05,59.06,39.0,-2723.0,-41.367367671077055,-1.736169180831642,-7.945900253592561,-4.894991348814422,-3.15882216798278
2026-06-08,48.67,35.86,-2710.0,-41.991842019268816,-4.526982895308128,-62.447434819175776,-10.650235695850558,-6.12325280054243
2026-06-09,53.14,38.77,-2692.0,-41.54499746187788,-1.5338991787955152,44.6844557390936,-5.116766552356143,-3.582867373560628
2026-06-10,46.51,37.36,-2667.0,-42.03080855887068,-3.630421377201932,-48.58110969927997,-9.463200867048528,-5.832779489846596
2026-06-11,40.56,34.37,-2687.0,-42.53843567751475,-5.513875858209749,-50.76271186440678,-13.593151966784353,-8.079276108574604
2026-06-12,50.11,39.03,-2663.0,-41.843262095804334,-1.0826565584079697,69.5173581710415,-5.282100953001767,-4.199444394593797
2026-06-15,56.98,42.05,-2593.0,-41.36006881849341,1.6515477037171389,48.31932773109244,0.0780419154076534,-1.5735057883094852
2026-06-16,58.57,43.24,-2548.0,-41.25449449416909,2.0929398443825207,10.557432432432432,1.1259809671101315,-0.9669588772723892
2026-06-17,58.85,44.15,-2502.0,-41.1615105550313,2.396913499496814,9.29839391377853,1.9432222617769712,-0.4536912377198431
2026-06-18,60.6,45.13,-2418.0,-41.02209357150785,2.876991629050362,13.94169835234474,3.143069870833748,0.266078241783386
2026-06-19,60.27,45.83,-2347.0,-40.995488841778126,2.7090122027048054,2.660472972972973,3.0948101810476705,0.38579797834286533
